<?xml version="1.0" encoding="UTF-8"?>
<project xmlns="http://maven.apache.org/POM/4.0.0" xmlns:xsi="http://www.w3.org/2001/XMLSchema-instance" xsi:schemaLocation="http://maven.apache.org/POM/4.0.0 http://maven.apache.org/maven-v4_0_0.xsd">
  <parent>
    <artifactId>tachyon-parent</artifactId>
    <groupId>org.tachyonproject</groupId>
    <version>0.5.0</version>
  </parent>
  <modelVersion>4.0.0</modelVersion>
  <groupId>org.tachyonproject</groupId>
  <artifactId>tachyon</artifactId>
  <name>Tachyon Project Core</name>
  <version>0.5.0</version>
  <description>Tachyon: Reliable File Sharing at Memory Speed Across Cluster Frameworks</description>
  <build>
    <resources>
      <resource>
        <filtering>true</filtering>
        <directory>src/main/resources</directory>
      </resource>
    </resources>
    <plugins>
      <plugin>
        <artifactId>maven-shade-plugin</artifactId>
        <version>2.2</version>
        <executions>
          <execution>
            <phase>package</phase>
            <goals>
              <goal>shade</goal>
            </goals>
            <configuration>
              <artifactSet>
                <includes>
                  <include>org.apache.thrift:libthrift</include>
                </includes>
              </artifactSet>
              <filters>
                <filter>
                  <artifact>org.apache.thrift:libthrift</artifact>
                  <excludes>
                    <exclude>**/*.java</exclude>
                  </excludes>
                </filter>
              </filters>
              <relocations>
                <relocation>
                  <pattern>org.apache.thrift</pattern>
                  <shadedPattern>tachyon.org.apache.thrift</shadedPattern>
                </relocation>
              </relocations>
            </configuration>
          </execution>
        </executions>
      </plugin>
      <plugin>
        <artifactId>maven-surefire-plugin</artifactId>
        <version>2.14</version>
        <configuration>
          <argLine>-Dufs=${ufs}</argLine>
          <redirectTestOutputToFile>true</redirectTestOutputToFile>
        </configuration>
      </plugin>
      <plugin>
        <artifactId>maven-assembly-plugin</artifactId>
        <version>2.4</version>
        <executions>
          <execution>
            <id>make-assembly</id>
            <phase>package</phase>
            <goals>
              <goal>single</goal>
            </goals>
          </execution>
        </executions>
        <configuration>
          <descriptorRefs>
            <descriptorRef>jar-with-dependencies</descriptorRef>
          </descriptorRefs>
        </configuration>
      </plugin>
      <plugin>
        <artifactId>maven-jar-plugin</artifactId>
        <version>2.4</version>
        <executions>
          <execution>
            <goals>
              <goal>test-jar</goal>
            </goals>
          </execution>
        </executions>
        <configuration>
          <archive>
            <manifest>
              <addClasspath>true</addClasspath>
            </manifest>
          </archive>
        </configuration>
      </plugin>
    </plugins>
  </build>
  <profiles>
    <profile>
      <id>localTest</id>
      <build>
        <plugins>
          <plugin>
            <artifactId>maven-compiler-plugin</artifactId>
            <version>3.1</version>
            <executions>
              <execution>
                <id>default-testCompile</id>
                <phase>test-compile</phase>
                <goals>
                  <goal>testCompile</goal>
                </goals>
                <configuration>
                  <testExcludes>
                    <exclude>**/LocalMiniDFSCluster.java</exclude>
                  </testExcludes>
                  <source>1.6</source>
                  <target>1.6</target>
                  <encoding>UTF-8</encoding>
                  <maxmem>1024m</maxmem>
                </configuration>
              </execution>
              <execution>
                <id>default-compile</id>
                <phase>compile</phase>
                <goals>
                  <goal>compile</goal>
                </goals>
                <configuration>
                  <source>1.6</source>
                  <target>1.6</target>
                  <encoding>UTF-8</encoding>
                  <maxmem>1024m</maxmem>
                </configuration>
              </execution>
            </executions>
            <configuration>
              <source>1.6</source>
              <target>1.6</target>
              <encoding>UTF-8</encoding>
              <maxmem>1024m</maxmem>
            </configuration>
          </plugin>
        </plugins>
      </build>
      <dependencies>
        <dependency>
          <groupId>org.apache.hadoop</groupId>
          <artifactId>hadoop-client</artifactId>
          <version>2.6.0</version>
          <scope>compile</scope>
          <exclusions>
            <exclusion>
              <artifactId>asm</artifactId>
              <groupId>asm</groupId>
            </exclusion>
            <exclusion>
              <artifactId>netty</artifactId>
              <groupId>org.jboss.netty</groupId>
            </exclusion>
            <exclusion>
              <artifactId>jackson-core-asl</artifactId>
              <groupId>org.codehaus.jackson</groupId>
            </exclusion>
            <exclusion>
              <artifactId>jackson-mapper-asl</artifactId>
              <groupId>org.codehaus.jackson</groupId>
            </exclusion>
            <exclusion>
              <artifactId>jackson-jaxrs</artifactId>
              <groupId>org.codehaus.jackson</groupId>
            </exclusion>
            <exclusion>
              <artifactId>jackson-xc</artifactId>
              <groupId>org.codehaus.jackson</groupId>
            </exclusion>
          </exclusions>
        </dependency>
      </dependencies>
      <properties />
    </profile>
    <profile>
      <id>hdfsTest</id>
      <dependencies>
        <dependency>
          <groupId>org.apache.hadoop</groupId>
          <artifactId>hadoop-minicluster</artifactId>
          <version>${hadoop.version}</version>
          <exclusions>
            <exclusion>
              <artifactId>asm</artifactId>
              <groupId>asm</groupId>
            </exclusion>
            <exclusion>
              <artifactId>netty</artifactId>
              <groupId>org.jboss.netty</groupId>
            </exclusion>
            <exclusion>
              <artifactId>jackson-core-asl</artifactId>
              <groupId>org.codehaus.jackson</groupId>
            </exclusion>
            <exclusion>
              <artifactId>jackson-mapper-asl</artifactId>
              <groupId>org.codehaus.jackson</groupId>
            </exclusion>
            <exclusion>
              <artifactId>jackson-jaxrs</artifactId>
              <groupId>org.codehaus.jackson</groupId>
            </exclusion>
            <exclusion>
              <artifactId>jackson-xc</artifactId>
              <groupId>org.codehaus.jackson</groupId>
            </exclusion>
          </exclusions>
        </dependency>
      </dependencies>
      <properties>
        <ufs>tachyon.LocalMiniDFSCluster</ufs>
      </properties>
    </profile>
    <profile>
      <id>glusterfsTest</id>
      <dependencies>
        <dependency>
          <groupId>org.gluster</groupId>
          <artifactId>glusterfs-hadoop</artifactId>
          <version>${glusterfs-hadoop.version}</version>
          <scope>compile</scope>
        </dependency>
        <dependency>
          <groupId>org.apache.hadoop</groupId>
          <artifactId>hadoop-client</artifactId>
          <version>${hadoop.version}</version>
        </dependency>
      </dependencies>
      <properties>
        <ufs>tachyon.GlusterfsCluster</ufs>
      </properties>
    </profile>
    <profile>
      <id>Glusterfs</id>
      <dependencies>
        <dependency>
          <groupId>org.gluster</groupId>
          <artifactId>glusterfs-hadoop</artifactId>
          <version>${glusterfs-hadoop.version}</version>
          <scope>compile</scope>
        </dependency>
      </dependencies>
      <properties>
        <ufs>tachyon.GlusterfsCluster</ufs>
      </properties>
    </profile>
  </profiles>
  <dependencies>
    <dependency>
      <groupId>org.eclipse.jetty</groupId>
      <artifactId>jetty-jsp</artifactId>
      <version>7.6.8.v20121106</version>
      <scope>compile</scope>
    </dependency>
    <dependency>
      <groupId>org.eclipse.jetty</groupId>
      <artifactId>jetty-webapp</artifactId>
      <version>7.6.8.v20121106</version>
      <scope>compile</scope>
    </dependency>
    <dependency>
      <groupId>org.eclipse.jetty</groupId>
      <artifactId>jetty-server</artifactId>
      <version>7.6.8.v20121106</version>
      <scope>compile</scope>
    </dependency>
    <dependency>
      <groupId>org.eclipse.jetty</groupId>
      <artifactId>jetty-servlet</artifactId>
      <version>7.6.8.v20121106</version>
      <scope>compile</scope>
    </dependency>
    <dependency>
      <groupId>junit</groupId>
      <artifactId>junit</artifactId>
      <version>4.10</version>
      <scope>test</scope>
      <exclusions>
        <exclusion>
          <artifactId>hamcrest-core</artifactId>
          <groupId>org.hamcrest</groupId>
        </exclusion>
      </exclusions>
    </dependency>
    <dependency>
      <groupId>org.powermock</groupId>
      <artifactId>powermock-module-junit4</artifactId>
      <version>1.5.4</version>
      <scope>test</scope>
      <exclusions>
        <exclusion>
          <artifactId>powermock-module-junit4-common</artifactId>
          <groupId>org.powermock</groupId>
        </exclusion>
      </exclusions>
    </dependency>
    <dependency>
      <groupId>org.powermock</groupId>
      <artifactId>powermock-api-mockito</artifactId>
      <version>1.5.4</version>
      <scope>test</scope>
      <exclusions>
        <exclusion>
          <artifactId>mockito-all</artifactId>
          <groupId>org.mockito</groupId>
        </exclusion>
        <exclusion>
          <artifactId>powermock-api-support</artifactId>
          <groupId>org.powermock</groupId>
        </exclusion>
      </exclusions>
    </dependency>
    <dependency>
      <groupId>org.slf4j</groupId>
      <artifactId>slf4j-api</artifactId>
      <version>1.7.2</version>
      <scope>compile</scope>
    </dependency>
    <dependency>
      <groupId>org.slf4j</groupId>
      <artifactId>slf4j-log4j12</artifactId>
      <version>1.7.2</version>
      <scope>compile</scope>
    </dependency>
    <dependency>
      <groupId>log4j</groupId>
      <artifactId>log4j</artifactId>
      <version>1.2.17</version>
      <scope>compile</scope>
    </dependency>
    <dependency>
      <groupId>commons-io</groupId>
      <artifactId>commons-io</artifactId>
      <version>2.4</version>
      <scope>compile</scope>
    </dependency>
    <dependency>
      <groupId>org.apache.commons</groupId>
      <artifactId>commons-lang3</artifactId>
      <version>3.0</version>
      <scope>compile</scope>
    </dependency>
    <dependency>
      <groupId>org.apache.curator</groupId>
      <artifactId>curator-recipes</artifactId>
      <version>2.1.0-incubating</version>
      <scope>compile</scope>
      <exclusions>
        <exclusion>
          <artifactId>netty</artifactId>
          <groupId>org.jboss.netty</groupId>
        </exclusion>
      </exclusions>
    </dependency>
    <dependency>
      <groupId>org.apache.curator</groupId>
      <artifactId>curator-test</artifactId>
      <version>2.1.0-incubating</version>
      <scope>test</scope>
      <exclusions>
        <exclusion>
          <artifactId>javassist</artifactId>
          <groupId>org.javassist</groupId>
        </exclusion>
        <exclusion>
          <artifactId>commons-math</artifactId>
          <groupId>org.apache.commons</groupId>
        </exclusion>
      </exclusions>
    </dependency>
    <dependency>
      <groupId>com.fasterxml.jackson.core</groupId>
      <artifactId>jackson-databind</artifactId>
      <version>2.3.0</version>
      <scope>compile</scope>
    </dependency>
    <dependency>
      <groupId>org.apache.hadoop</groupId>
      <artifactId>hadoop-client</artifactId>
      <version>2.6.0</version>
      <scope>compile</scope>
      <exclusions>
        <exclusion>
          <artifactId>asm</artifactId>
          <groupId>asm</groupId>
        </exclusion>
        <exclusion>
          <artifactId>netty</artifactId>
          <groupId>org.jboss.netty</groupId>
        </exclusion>
        <exclusion>
          <artifactId>jackson-core-asl</artifactId>
          <groupId>org.codehaus.jackson</groupId>
        </exclusion>
        <exclusion>
          <artifactId>jackson-mapper-asl</artifactId>
          <groupId>org.codehaus.jackson</groupId>
        </exclusion>
        <exclusion>
          <artifactId>jackson-jaxrs</artifactId>
          <groupId>org.codehaus.jackson</groupId>
        </exclusion>
        <exclusion>
          <artifactId>jackson-xc</artifactId>
          <groupId>org.codehaus.jackson</groupId>
        </exclusion>
      </exclusions>
    </dependency>
  </dependencies>
</project>

